INSERT INTO users(username,password,enabled) VALUES ('mra21','mra21',TRUE);
INSERT INTO authorities(id,username,authority) VALUES (3,'mra21','admin');

INSERT INTO users(username,password,enabled) VALUES ('ISMP15','4dm1n',TRUE);
INSERT INTO authorities(id,username,authority) VALUES (4,'ISMP15','admin');

INSERT INTO users(username,password,enabled) VALUES ('test1','test1',TRUE);
INSERT INTO authorities(id,username,authority) VALUES (5,'test1','player');

INSERT INTO users(username,password,enabled) VALUES ('test2','test2',TRUE);
INSERT INTO authorities(id,username,authority) VALUES (6,'test2','player');

INSERT INTO users(username,password,enabled) VALUES ('test3','test3',TRUE);
INSERT INTO authorities(id,username,authority) VALUES (7,'test3','player');

INSERT INTO users(username,password,enabled) VALUES ('test4','test4',TRUE);
INSERT INTO authorities(id,username,authority) VALUES (8,'test4','player');

INSERT INTO users(username,password,enabled) VALUES ('test5','test5',TRUE);
INSERT INTO authorities(id,username,authority) VALUES (9,'test5','player');

INSERT INTO users(username,password,enabled) VALUES ('test6','test6',TRUE);
INSERT INTO authorities(id,username,authority) VALUES (10,'test6','player');

INSERT INTO users(username,password,enabled) VALUES ('test7','test7',TRUE);
INSERT INTO authorities(id,username,authority) VALUES (11,'test7','player');

INSERT INTO users(username,password,enabled) VALUES ('test8','test8',TRUE);
INSERT INTO authorities(id,username,authority) VALUES (12,'test8','player');

INSERT INTO users(username,password,enabled) VALUES ('test9','test9',TRUE);
INSERT INTO authorities(id,username,authority) VALUES (13,'test9','player');

INSERT INTO users(username,password,enabled) VALUES ('test10','test10',TRUE);
INSERT INTO authorities(id,username,authority) VALUES (14,'test10','player');

INSERT INTO users(username,password,enabled) VALUES ('test11','test11',TRUE);
INSERT INTO authorities(id,username,authority) VALUES (15,'test11','player');
-- DECKS
INSERT INTO deck(name) VALUES ('Mazo');
INSERT INTO deck(name) VALUES ('Mazo');
INSERT INTO deck(name) VALUES ('Mazo');
INSERT INTO deck(name) VALUES ('Mazo');
INSERT INTO deck(name) VALUES ('Mazo');


-- CARDS
INSERT INTO cards(id,card_type,image_url) VALUES (1, 'DOUBLON', '/resources/images/cards/Doublon.png');
INSERT INTO cards(id,card_type,image_url) VALUES (2, 'DOUBLON', '/resources/images/cards/Doublon.png');
INSERT INTO cards(id,card_type,image_url) VALUES (3, 'DOUBLON', '/resources/images/cards/Doublon.png');
INSERT INTO cards(id,card_type,image_url) VALUES (4, 'DOUBLON', '/resources/images/cards/Doublon.png');
INSERT INTO cards(id,card_type,image_url) VALUES (5, 'DOUBLON', '/resources/images/cards/Doublon.png');
INSERT INTO cards(id,card_type,image_url) VALUES (6, 'DOUBLON', '/resources/images/cards/Doublon.png');
-- INSERT INTO cards(id,card_type,image_url) VALUES (7, 'DOUBLON', '/resources/images/cards/Doublon.png');
-- INSERT INTO cards(id,card_type,image_url) VALUES (8, 'DOUBLON', '/resources/images/cards/Doublon.png');
-- INSERT INTO cards(id,card_type,image_url) VALUES (9, 'DOUBLON', '/resources/images/cards/Doublon.png');
-- INSERT INTO cards(id,card_type,image_url) VALUES (10, 'DOUBLON', '/resources/images/cards/Doublon.png');
-- INSERT INTO cards(id,card_type,image_url) VALUES (11, 'DOUBLON', '/resources/images/cards/Doublon.png');
-- INSERT INTO cards(id,card_type,image_url) VALUES (12, 'DOUBLON', '/resources/images/cards/Doublon.png');
-- INSERT INTO cards(id,card_type,image_url) VALUES (13, 'DOUBLON', '/resources/images/cards/Doublon.png');
-- INSERT INTO cards(id,card_type,image_url) VALUES (14, 'DOUBLON', '/resources/images/cards/Doublon.png');
-- INSERT INTO cards(id,card_type,image_url) VALUES (15, 'DOUBLON', '/resources/images/cards/Doublon.png');
-- INSERT INTO cards(id,card_type,image_url) VALUES (16, 'DOUBLON', '/resources/images/cards/Doublon.png');
-- INSERT INTO cards(id,card_type,image_url) VALUES (17, 'DOUBLON', '/resources/images/cards/Doublon.png');
-- INSERT INTO cards(id,card_type,image_url) VALUES (18, 'DOUBLON', '/resources/images/cards/Doublon.png');
-- INSERT INTO cards(id,card_type,image_url) VALUES (19, 'DOUBLON', '/resources/images/cards/Doublon.png');
-- INSERT INTO cards(id,card_type,image_url) VALUES (20, 'DOUBLON', '/resources/images/cards/Doublon.png');
-- INSERT INTO cards(id,card_type,image_url) VALUES (21, 'DOUBLON', '/resources/images/cards/Doublon.png');
-- INSERT INTO cards(id,card_type,image_url) VALUES (22, 'DOUBLON', '/resources/images/cards/Doublon.png');
-- INSERT INTO cards(id,card_type,image_url) VALUES (23, 'DOUBLON', '/resources/images/cards/Doublon.png');
-- INSERT INTO cards(id,card_type,image_url) VALUES (24, 'DOUBLON', '/resources/images/cards/Doublon.png');
-- INSERT INTO cards(id,card_type,image_url) VALUES (25, 'DOUBLON', '/resources/images/cards/Doublon.png');
-- INSERT INTO cards(id,card_type,image_url) VALUES (26, 'DOUBLON', '/resources/images/cards/Doublon.png');
-- INSERT INTO cards(id,card_type,image_url) VALUES (27, 'DOUBLON', '/resources/images/cards/Doublon.png');

INSERT INTO cards(id,card_type,image_url) VALUES (28, 'GOLDEN_CUP', '/resources/images/cards/GoldenCup.png');
INSERT INTO cards(id,card_type,image_url) VALUES (29, 'GOLDEN_CUP', '/resources/images/cards/GoldenCup.png');
INSERT INTO cards(id,card_type,image_url) VALUES (30, 'GOLDEN_CUP', '/resources/images/cards/GoldenCup.png');

INSERT INTO cards(id,card_type,image_url) VALUES (31, 'RUBY', '/resources/images/cards/Ruby.png');
INSERT INTO cards(id,card_type,image_url) VALUES (32, 'RUBY', '/resources/images/cards/Ruby.png');
INSERT INTO cards(id,card_type,image_url) VALUES (33, 'RUBY', '/resources/images/cards/Ruby.png');


INSERT INTO cards(id,card_type,image_url) VALUES (34, 'DIAMOND', '/resources/images/cards/Diamond.png');
INSERT INTO cards(id,card_type,image_url) VALUES (35, 'DIAMOND', '/resources/images/cards/Diamond.png');
-- INSERT INTO cards(id,card_type,image_url) VALUES (36, 'DIAMOND', '/resources/images/cards/Diamond.png');

-- INSERT INTO cards(id,card_type,image_url) VALUES (37, 'PEARL_NECKLACE', '/resources/images/cards/PearlNecklace.png');
-- INSERT INTO cards(id,card_type,image_url) VALUES (38, 'PEARL_NECKLACE', '/resources/images/cards/PearlNecklace.png');
-- INSERT INTO cards(id,card_type,image_url) VALUES (39, 'PEARL_NECKLACE', '/resources/images/cards/PearlNecklace.png');
-- INSERT INTO cards(id,card_type,image_url) VALUES (40, 'PEARL_NECKLACE', '/resources/images/cards/PearlNecklace.png');

-- INSERT INTO cards(id,card_type,image_url) VALUES (41, 'CROWN', '/resources/images/cards/Crown.png');
-- INSERT INTO cards(id,card_type,image_url) VALUES (42, 'CROWN', '/resources/images/cards/Crown.png');
-- INSERT INTO cards(id,card_type,image_url) VALUES (43, 'CROWN', '/resources/images/cards/Crown.png');
-- INSERT INTO cards(id,card_type,image_url) VALUES (44, 'CROWN', '/resources/images/cards/Crown.png');

-- INSERT INTO cards(id,card_type,image_url) VALUES (45, 'MESSAGE_BOTTLE', '/resources/images/cards/MessageBottle.png');
-- INSERT INTO cards(id,card_type,image_url) VALUES (46, 'MESSAGE_BOTTLE', '/resources/images/cards/MessageBottle.png');
-- INSERT INTO cards(id,card_type,image_url) VALUES (47, 'MESSAGE_BOTTLE', '/resources/images/cards/MessageBottle.png');
-- INSERT INTO cards(id,card_type,image_url) VALUES (48, 'MESSAGE_BOTTLE', '/resources/images/cards/MessageBottle.png');

-- INSERT INTO cards(id,card_type,image_url) VALUES (49, 'BARREL_OF_RUM', '/resources/images/cards/BarrelOfRum.png');
-- INSERT INTO cards(id,card_type,image_url) VALUES (50, 'BARREL_OF_RUM', '/resources/images/cards/BarrelOfRum.png');
-- INSERT INTO cards(id,card_type,image_url) VALUES (51, 'BARREL_OF_RUM', '/resources/images/cards/BarrelOfRum.png');
-- INSERT INTO cards(id,card_type,image_url) VALUES (52, 'BARREL_OF_RUM', '/resources/images/cards/BarrelOfRum.png');
-- INSERT INTO cards(id,card_type,image_url) VALUES (53, 'BARREL_OF_RUM', '/resources/images/cards/BarrelOfRum.png');
-- INSERT INTO cards(id,card_type,image_url) VALUES (54, 'BARREL_OF_RUM', '/resources/images/cards/BarrelOfRum.png');

-- INSERT INTO cards(id,card_type,image_url) VALUES (55, 'STIR', '/resources/images/cards/Stir.png');
-- INSERT INTO cards(id,card_type,image_url) VALUES (56, 'STIR', '/resources/images/cards/Stir.png');
-- INSERT INTO cards(id,card_type,image_url) VALUES (57, 'STIR', '/resources/images/cards/Stir.png');
-- INSERT INTO cards(id,card_type,image_url) VALUES (58, 'STIR', '/resources/images/cards/Stir.png');
-- INSERT INTO cards(id,card_type,image_url) VALUES (59, 'STIR', '/resources/images/cards/Stir.png');
-- INSERT INTO cards(id,card_type,image_url) VALUES (60, 'STIR', '/resources/images/cards/Stir.png');

-- INSERT INTO cards(id,card_type,image_url) VALUES (61, 'SWORD', '/resources/images/cards/Sword.png');
-- INSERT INTO cards(id,card_type,image_url) VALUES (62, 'SWORD', '/resources/images/cards/Sword.png');
-- INSERT INTO cards(id,card_type,image_url) VALUES (63, 'SWORD', '/resources/images/cards/Sword.png');
-- INSERT INTO cards(id,card_type,image_url) VALUES (64, 'SWORD', '/resources/images/cards/Sword.png');
-- INSERT INTO cards(id,card_type,image_url) VALUES (65, 'SWORD', '/resources/images/cards/Sword.png');
-- INSERT INTO cards(id,card_type,image_url) VALUES (66, 'SWORD', '/resources/images/cards/Sword.png');


-- DECKS-CARDS
-- INSERT INTO decks_cards(deck_id, card_id) VALUES (1, 1);
-- INSERT INTO decks_cards(deck_id, card_id) VALUES (1, 2);
-- INSERT INTO decks_cards(deck_id, card_id) VALUES (2, 1);
-- INSERT INTO decks_cards(deck_id, card_id) VALUES (2, 2);
-- INSERT INTO decks_cards(deck_id, card_id) VALUES (3, 1);
-- INSERT INTO decks_cards(deck_id, card_id) VALUES (3, 2);
-- INSERT INTO decks_cards(deck_id, card_id) VALUES (4, 3);
-- INSERT INTO decks_cards(deck_id, card_id) VALUES (4, 4);
-- INSERT INTO decks_cards(deck_id, card_id) VALUES (5, 5);
-- INSERT INTO decks_cards(deck_id, card_id) VALUES (5, 1);

-- PLAYERS
INSERT INTO players(id, first_name, surname, profile_photo, username, version) 
    VALUES (1,'Paco', 'Alonso', 'https://st2.depositphotos.com/1009634/7235/v/600/depositphotos_72350117-stock-illustration-no-user-profile-picture-hand.jpg', 'test1', 0);

INSERT INTO players(id, profile_photo, username, version) 
    VALUES (2, 'https://st2.depositphotos.com/1009634/7235/v/600/depositphotos_72350117-stock-illustration-no-user-profile-picture-hand.jpg', 'test2', 0);

INSERT INTO players(id, profile_photo, username, version) 
    VALUES (3, 'https://www.tuexperto.com/wp-content/uploads/2015/07/perfil_01.jpg', 'test3', 0);

INSERT INTO players(id, profile_photo, username, version) 
    VALUES (4, 'https://www.tuexperto.com/wp-content/uploads/2015/07/perfil_01.jpg', 'test4', 0);

INSERT INTO players(id, profile_photo, username, version) 
    VALUES (5, 'https://www.tuexperto.com/wp-content/uploads/2015/07/perfil_01.jpg', 'test5', 0);

INSERT INTO players(id, profile_photo, username, version) 
    VALUES (6, 'https://www.tuexperto.com/wp-content/uploads/2015/07/perfil_01.jpg', 'test6', 0);

INSERT INTO players(id, profile_photo, username, version) 
    VALUES (7, 'https://www.tuexperto.com/wp-content/uploads/2015/07/perfil_01.jpg', 'test7', 0);

INSERT INTO players(id, profile_photo, username, version) 
    VALUES (8, 'https://www.tuexperto.com/wp-content/uploads/2015/07/perfil_01.jpg', 'test8', 0);

INSERT INTO players(id, profile_photo, username, version) 
    VALUES (9, 'https://www.tuexperto.com/wp-content/uploads/2015/07/perfil_01.jpg', 'test9', 0);

INSERT INTO players(id, profile_photo, username, version) 
    VALUES (10, 'https://www.tuexperto.com/wp-content/uploads/2015/07/perfil_01.jpg', 'test10', 0);

INSERT INTO players(id, profile_photo, username, version) 
    VALUES (11, 'https://www.tuexperto.com/wp-content/uploads/2015/07/perfil_01.jpg', 'test11', 0);

-- GAMES
INSERT INTO games(id, name,code, actual_player, player_id, deck_id, privacity,has_started,start_time,end_time,duration) 
VALUES (1, 'Prueba0', 'ABCD124', 5, 1, 1,'PUBLIC', false, '2021-11-18 20:00:00', '2021-11-18 23:00:00',230);

INSERT INTO games(id, name,code, actual_player,player_id, deck_id, privacity,has_started,start_time,duration) 
VALUES (2, 'Prueba1', 'ABCD123', 2,1, 2,'PUBLIC', false, '2021-11-18 23:00:00',100);

INSERT INTO games(id, name,code, actual_player,player_id, deck_id, privacity,has_started,start_time,duration) 
VALUES (3, 'Prueba2', 'ABCD122', 1,1, 3,'PRIVATE', false, '2021-11-18 23:00:00',20);

INSERT INTO games(id, name,code, actual_player, player_id, deck_id, privacity,has_started, start_time,duration) 
VALUES (4, 'Prueba3', 'ABCD121', 2, 1, 4,'PUBLIC', true, '2021-11-18 23:00:00',300);

INSERT INTO games(id, name,code, actual_player,player_id, deck_id, privacity,has_started, start_time,duration) 
VALUES (5, 'Prueba4', 'ABCD120', 1, 2, 5,'PRIVATE', true, '2021-11-18 23:01:00',300);
-- TODO: AQUI HAY QUE QUITAR ATRIBUTOS NUEVOS METIDOS

-- BOARDS
INSERT INTO boards(id,background,height,width) VALUES (1,'/resources/images/board.jpg',644,527);

-- ACHIEVEMENTS
INSERT INTO achievements(id, name, description, icon, min_value, achievement_type , parameter,version)
    VALUES (1, 'Gold_points', 'Get 300 points.', 'https://cdn2.iconfinder.com/data/icons/award-and-reward-3/128/Golden-badges-honor-medals-achievement-512.png', 300, 'GOLD', 'POINTS',0);
INSERT INTO achievements(id, name, description, icon, min_value, achievement_type , parameter,version)
    VALUES (2, 'Silver_loses', 'Loses 200 times.', 'https://www.pngall.com/wp-content/uploads/2017/03/Silver-Medal-PNG-HD.png', 200, 'SILVER', 'LOSES',0);
INSERT INTO achievements(id, name, description, icon, min_value, achievement_type , parameter,version)
    VALUES (3, 'Gold_loses', 'Loses 300 times.', 'https://cdn2.iconfinder.com/data/icons/award-and-reward-3/128/Golden-badges-honor-medals-achievement-512.png', 300, 'GOLD', 'LOSES',0);
INSERT INTO achievements(id, name, description, icon, min_value, achievement_type , parameter,version)
    VALUES (4, 'Gold_points', 'Get 2 points.', 'https://cdn2.iconfinder.com/data/icons/award-and-reward-3/128/Golden-badges-honor-medals-achievement-512.png', 2, 'GOLD', 'POINTS',0);

-- INAPPROPIATE_WORDS
INSERT INTO inappropiate_words VALUES (1,'shit'), (2,'fuck'), (3, 'cock'), (4, 'piss off'), (5, 'dick head'),
(6, 'asshole'), (7, 'bitch'), (8, 'bastard'), (9, 'damn'), (10, 'fucked'), (11, 'fucking');

-- ISLANDS
INSERT INTO islands(id,island_num) VALUES (1,1);
INSERT INTO islands(id,island_num) VALUES (2,2);
INSERT INTO islands(id,island_num) VALUES (3,3);
INSERT INTO islands(id,island_num) VALUES (4,4);
INSERT INTO islands(id,island_num) VALUES (5,5);
INSERT INTO islands(id,island_num) VALUES (6,6);

-- FORUMS
INSERT INTO forums(id, name, description) VALUES(1, 'Players', 'Forum about players');
INSERT INTO forums(id, name, description) VALUES(2, 'Games', 'Forum about games');

-- TOPICS
INSERT INTO topics(id, name, description) VALUES(1, 'Rival players', 'do you want to be my rival?');

-- GENERALS
INSERT INTO generals(id, total_games, total_duration_all_games) VALUES (1, 200, 300);

-- ADMINS
INSERT INTO admins(first_name, surname, email, username) VALUES ('Ismael', 'Perez', 'ismperort@alum.us.es', 'ISMP15');
INSERT INTO admins(first_name, surname, email, username) VALUES ('Miguel', 'Romero', 'migromarj@alum.us.es', 'mra21');

-- COMMENTS
INSERT INTO comments(id, message) VALUES (1, 'I agree');

-- PLAYERS-ACHIEVEMENTS
INSERT INTO players_achievements(player_id, achievement_id) VALUES (1, 1); --ESTA TABLA ME DA LOS LOGROS QUE TENGO COMPLETADOS
INSERT INTO players_achievements(player_id, achievement_id) VALUES (1, 2);
INSERT INTO players_achievements(player_id, achievement_id) VALUES (2, 1);
INSERT INTO players_achievements(player_id, achievement_id) VALUES (3, 2);

-- -- PLAYERS-CARDS
-- INSERT INTO players_cards(player_id, card_id) VALUES (1, 1);
-- INSERT INTO players_cards(player_id, card_id) VALUES (1, 2);
-- INSERT INTO players_cards(player_id, card_id) VALUES (1, 3);

-- PLAYERS-FORUMS
INSERT INTO players_forums(player_id, forum_id) VALUES (1, 1);
INSERT INTO players_forums(player_id, forum_id) VALUES (1, 2);

-- FORUMS-TOPICS
INSERT INTO forums_topics(forum_id, topic_id) VALUES (1, 1);

-- TOPICS-COMMENTS
INSERT INTO topics_comments(topic_id, comment_id) VALUES (1, 1);

-- GAMES-PLAYERS
INSERT INTO games_players(game_id, player_id) VALUES (1, 1);
INSERT INTO games_players(game_id, player_id) VALUES (1, 2);
INSERT INTO games_players(game_id, player_id) VALUES (2, 2);
INSERT INTO games_players(game_id, player_id) VALUES (2, 3);
INSERT INTO games_players(game_id, player_id) VALUES (2, 1);
INSERT INTO games_players(game_id, player_id) VALUES (3, 1);
INSERT INTO games_players(game_id, player_id) VALUES (3, 3);
INSERT INTO games_players(game_id, player_id) VALUES (4, 1);
INSERT INTO games_players(game_id, player_id) VALUES (4, 2);
INSERT INTO games_players(game_id, player_id) VALUES (5, 1);
INSERT INTO games_players(game_id, player_id) VALUES (5, 2);

-- STATISTICS
INSERT INTO statistics(id, player_id, points, had_won)
    VALUES (1, 1, 70, true);

INSERT INTO statistics(id, player_id,  points, had_won)
    VALUES (2, 1, 40, false);

INSERT INTO statistics(id, player_id,  points, had_won)
    VALUES (3, 1, 50, false);

INSERT INTO statistics(id, player_id,  points, had_won)
    VALUES (4, 2, 30, true);

    
-- STATISTICS CARDS-COUNT
-- STATISTIC - 1
-- INSERT INTO statistic_cards_count(statistic_id, card_id, card_count) VALUES (1, 1, 2);
-- INSERT INTO statistic_cards_count(statistic_id, card_id, card_count) VALUES (1, 24, 3);
-- INSERT INTO statistic_cards_count(statistic_id, card_id, card_count) VALUES (1, 21, 4);
-- INSERT INTO statistic_cards_count(statistic_id, card_id, card_count) VALUES (1, 34, 30);
-- INSERT INTO statistic_cards_count(statistic_id, card_id, card_count) VALUES (1, 16, 6);
-- INSERT INTO statistic_cards_count(statistic_id, card_id, card_count) VALUES (1, 11, 7);

-- -- STATISTIC - 2
-- INSERT INTO statistic_cards_count(statistic_id, card_id, card_count) VALUES (2, 18, 3);
-- INSERT INTO statistic_cards_count(statistic_id, card_id, card_count) VALUES (2, 21, 30);
-- INSERT INTO statistic_cards_count(statistic_id, card_id, card_count) VALUES (2, 39, 5);
-- INSERT INTO statistic_cards_count(statistic_id, card_id, card_count) VALUES (2, 40, 6);
-- INSERT INTO statistic_cards_count(statistic_id, card_id, card_count) VALUES (2, 55, 7);
-- INSERT INTO statistic_cards_count(statistic_id, card_id, card_count) VALUES (2, 60, 8);

-- -- STATISTICS ISLANDS-COUNT
-- -- STATISTIC - 1
-- INSERT INTO statistic_islands_count(statistic_id, island_id, island_count) VALUES (1, 1, 1);
-- INSERT INTO statistic_islands_count(statistic_id, island_id, island_count) VALUES (1, 2, 2);
-- INSERT INTO statistic_islands_count(statistic_id, island_id, island_count) VALUES (1, 3, 3);
-- INSERT INTO statistic_islands_count(statistic_id, island_id, island_count) VALUES (1, 4, 4);
-- INSERT INTO statistic_islands_count(statistic_id, island_id, island_count) VALUES (1, 5, 5);
-- INSERT INTO statistic_islands_count(statistic_id, island_id, island_count) VALUES (1, 6, 6);
-- -- STATISTIC - 2
-- INSERT INTO statistic_islands_count(statistic_id, island_id, island_count) VALUES (2, 1, 2);
-- INSERT INTO statistic_islands_count(statistic_id, island_id, island_count) VALUES (2, 2, 3);
-- INSERT INTO statistic_islands_count(statistic_id, island_id, island_count) VALUES (2, 3, 4);
-- INSERT INTO statistic_islands_count(statistic_id, island_id, island_count) VALUES (2, 4, 5);
-- INSERT INTO statistic_islands_count(statistic_id, island_id, island_count) VALUES (2, 5, 6);
-- INSERT INTO statistic_islands_count(statistic_id, island_id, island_count) VALUES (2, 6, 1);

-- -- PLAYERS-INVITATIONS
-- INSERT INTO players_invitations(invitation_id, invited_id) VALUES (1, 2);
-- INSERT INTO players_invitations(invitation_id, invited_id) VALUES (3, 2);
-- INSERT INTO players_invitations(invitation_id, invited_id) VALUES (2, 3);

-- -- PLAYERS-REQUESTS
-- INSERT INTO players_requests(friend_request_id, requested_id) VALUES (1, 2);
-- INSERT INTO players_requests(friend_request_id, requested_id) VALUES (2, 3);

-- -- PLAYERS-FRIENDS
-- INSERT INTO players_friends(friend_id, friend_identifier) VALUES (1, 2);
-- INSERT INTO players_friends(friend_id, friend_identifier) VALUES (1, 3);
-- INSERT INTO players_friends(friend_id, friend_identifier) VALUES (2, 1);
-- INSERT INTO players_friends(friend_id, friend_identifier) VALUES (2, 3);
-- INSERT INTO players_friends(friend_id, friend_identifier) VALUES (3, 1);
-- INSERT INTO players_friends(friend_id, friend_identifier) VALUES (3, 2);